CATEGORY,BLDG_ID,MAPREF,STRNUM,STRNAM,BLDGNAM,X,Y
Hospital,719,2704000,330,E COLUMBIA ST,Emergency Building,-122.89228896950016,49.22617973643223
Hospital,718,2704000,330,E COLUMBIA ST,Health Care Centre,-122.89103036244751,49.22606576730146
Hospital,720,2704000,330,E COLUMBIA ST,Nursing Tower Unit C,-122.89199754358029,49.22667328810838
Hospital,722,2704000,330,E COLUMBIA ST,Power Plant,-122.89105074668356,49.226707885985434
Hospital,723,2704000,256,SHERBROOKE ST,Laundry and Maintenance Building,-122.8903048731759,49.22733907072484
Hospital,724,2704000,260,SHERBROOKE ST,Sherbrook Centre,-122.89127379729459,49.22754246658917
Hospital,721,2704000,330,E COLUMBIA ST,Sherbrooke Centre - 1965 Building,-122.89167778724025,49.22755946735986
Hospital,588,1612001,315,MCBRIDE BLVD,Queen's Park Extended Care Hospital,-122.9020900938919,49.21693242380077
